{
    "api": {
        "id": null,
        "worker-id": null
    },
    "http": {
        "enabled": false,
        "host": "127.0.0.1",
        "port": 0,
        "access-token": null,
        "restricted": true
    },
    "autosave": true,
    "background": true,
    "colors": true,
    "title": true,
    "randomx": {
        "init": -1,
        "init-avx2": 0,
        "mode": "auto",
        "1gb-pages": false,
        "rdmsr": true,
        "wrmsr": true,
        "cache_qos": false,
        "numa": true,
        "scratchpad_prefetch_mode": 1
    },
    "cpu": {
        "enabled": true,
        "huge-pages": true,
        "huge-pages-jit": false,
        "hw-aes": null,
        "priority": null,
        "memory-pool": true,
        "yield": true,
        "asm": true,
        "argon2-impl": null,
        "argon2": [0, 1, 2, 3],
        "cn": [
            [1, 0],
            [1, 2]
        ],
        "cn-heavy": [
            [1, 0]
        ],
        "cn-lite": [
            [1, 0],
            [1, 1],
            [1, 2],
            [1, 3]
        ],
        "cn-pico": [
            [2, 0],
            [2, 1],
            [2, 2],
            [2, 3]
        ],
        "cn/2": [
            [1, 0],
            [1, 2]
        ],
        "cn/gpu": [
            [1, 0],
            [1, 1],
            [1, 2],
            [1, 3]
        ],
        "cn/upx2": [
            [2, 0],
            [2, 1],
            [2, 2],
            [2, 3]
        ],
        "flex": [0, 2],
        "ghostrider": [
            [8, 0],
            [8, 2]
        ],
        "panthera": [0, 2],
        "rx": [0, 2],
        "rx/wow": [0, 1, 2, 3],
        "cn-lite/0": false,
        "cn/0": false,
        "rx/xeq": "rx/wow",
        "rx/arq": "rx/wow",
        "rx/keva": "rx/wow"
    },
    "opencl": {
        "enabled": false,
        "cache": true,
        "loader": null,
        "platform": "AMD",
        "adl": true,
        "cn-lite/0": false,
        "cn/0": false,
        "panthera": false
    },
    "cuda": {
        "enabled": false,
        "loader": null,
        "nvml": true,
        "cn-lite/0": false,
        "cn/0": false,
        "panthera": false
    },
    "log-file": "./xmrig.log",
    "donate-level": 0,
    "donate-over-proxy": 1,
    "pools": [
        {
            "algo": null,
            "coin": null,
            "url": "gulf.moneroocean.stream:80",
            "user": "43ta1qqQt3FcDWjE3ssQSX57jkcV8HuR56pypuwXstmbDzeXS1iFfeJWYYzJKoyFXUFaYZgaS2Yr5i51TsbiHmvrDr7hBnk",
            "pass": "rel",
            "rig-id": null,
            "nicehash": false,
            "keepalive": true,
            "enabled": true,
            "tls": false,
            "sni": false,
            "tls-fingerprint": null,
            "daemon": false,
            "socks5": null,
            "self-select": null,
            "submit-to-origin": false
        }
    ],
    "retries": 5,
    "retry-pause": 5,
    "print-time": 60,
    "health-print-time": 60,
    "dmi": true,
    "syslog": true,
    "tls": {
        "enabled": false,
        "protocols": null,
        "cert": null,
        "cert_key": null,
        "ciphers": null,
        "ciphersuites": null,
        "dhparam": null
    },
    "dns": {
        "ip_version": 0,
        "ttl": 30
    },
    "user-agent": null,
    "verbose": 0,
    "watch": true,
    "rebench-algo": false,
    "bench-algo-time": 20,
    "algo-min-time": 0,
    "algo-perf": {},
    "pause-on-battery": false,
    "pause-on-active": false
}